{"cameraMode":{"drawMode":0,"name":"Shaded","section":"Shading Mode"},"sceneLighting":false,"audioPlay":false,"sceneViewState":{"m_AlwaysRefresh":false,"showFog":true,"showSkybox":false,"showFlares":true,"showImageEffects":true,"showParticleSystems":true,"showVisualEffectGraphs":true,"m_FxEnabled":true},"in2DMode":false,"pivot":{"x":4.603580951690674,"y":4.127841949462891,"z":0.01064765453338623},"rotation":{"x":-0.05821239575743675,"y":0.0930018424987793,"z":0.0054468982852995399,"w":0.9939476847648621},"size":3.066746950149536,"orthographic":false}