{"cameraMode":{"drawMode":0,"name":"Shaded","section":"Shading Mode"},"sceneLighting":false,"audioPlay":false,"sceneViewState":{"m_AlwaysRefresh":false,"showFog":true,"showSkybox":false,"showFlares":true,"showImageEffects":true,"showParticleSystems":true,"showVisualEffectGraphs":true,"m_FxEnabled":true},"in2DMode":false,"pivot":{"x":0.4870089888572693,"y":0.20061740279197694,"z":-2.9802322387695315e-8},"rotation":{"x":-0.06724993884563446,"y":0.07654620707035065,"z":0.005174815189093351,"w":0.9947817325592041},"size":2.1998000144958498,"orthographic":false}